<?xml version="1.0" encoding="UTF-8"?>
<BizData xsi:schemaLocation="urn:iso:std:iso:20022:tech:xsd:head.003.001.01 head.003.001.01.xsd"
         xmlns="urn:iso:std:iso:20022:tech:xsd:head.003.001.01" xmlns:xsi="http://www.w3.org/2001/XMLSchema-instance">
    <Hdr>
        <AppHdr xmlns:xsi="http://www.w3.org/2001/XMLSchema-instance"
                xmlns="urn:iso:std:iso:20022:tech:xsd:head.001.001.01"
                xsi:schemaLocation="urn:iso:std:iso:20022:tech:xsd:head.001.001.01 head.001.001.01_ESMAUG_1.0.0.xsd">
            <Fr>
                <OrgId>
                    <Id>
                        <OrgId>
                            <Othr>
                                <Id>EU</Id>
                            </Othr>
                        </OrgId>
                    </Id>
                </OrgId>
            </Fr>
            <To>
                <OrgId>
                    <Id>
                        <OrgId>
                            <Othr>
                                <Id>Public</Id>
                            </Othr>
                        </OrgId>
                    </Id>
                </OrgId>
            </To>
            <BizMsgIdr>DLTINS_20211220_01of01</BizMsgIdr>
            <MsgDefIdr>auth.036.001.03</MsgDefIdr>
            <CreDt>2021-12-20T09:39:02Z</CreDt>
        </AppHdr>
    </Hdr>
    <Pyld>
        <Document
                xsi:schemaLocation="urn:iso:std:iso:20022:tech:xsd:auth.036.001.03 auth.036.001.03_ESMAUG_DLTINS_1.2.0.xsd"
                xmlns="urn:iso:std:iso:20022:tech:xsd:auth.036.001.03"
                xmlns:xsi="http://www.w3.org/2001/XMLSchema-instance">
            <FinInstrmRptgRefDataDltaRpt>
                <RptHdr>
                    <RptgNtty>
                        <NtlCmptntAuthrty>EU</NtlCmptntAuthrty>
                    </RptgNtty>
                    <RptgPrd>
                        <Dt>2021-12-20</Dt>
                    </RptgPrd>
                </RptHdr>
                <FinInstrm>
                    <TermntdRcrd>
                        <FinInstrmGnlAttrbts>
                            <Id>GB153090J066</Id>
                            <FullNm>Ram</FullNm>
                            <ShrtNm>Ram1</ShrtNm>
                            <ClssfctnTp>EYAYFB</ClssfctnTp>
                            <NtnlCcy>GBP</NtnlCcy>
                            <CmmdtyDerivInd>false</CmmdtyDerivInd>
                        </FinInstrmGnlAttrbts>
                        <Issr>213800QAUUUP6I445N30</Issr>
                        <TradgVnRltdAttrbts>
                            <Id>WBDM</Id>
                            <IssrReq>false</IssrReq>
                            <AdmssnApprvlDtByIssr>2016-11-10T00:00:00Z</AdmssnApprvlDtByIssr>
                            <ReqForAdmssnDt>2016-11-10T00:00:00Z</ReqForAdmssnDt>
                            <FrstTradDt>2015-11-10T09:00:00Z</FrstTradDt>
                            <TermntnDt>9000-04-05T21:00:00Z</TermntnDt>
                        </TradgVnRltdAttrbts>
                        <TechAttrbts>
                            <RlvntCmptntAuthrty>AT</RlvntCmptntAuthrty>
                            <PblctnPrd>
                                <FrDt>2017-12-20</FrDt>
                            </PblctnPrd>
                        </TechAttrbts>
                    </TermntdRcrd>
                </FinInstrm>
                <FinInstrm>
                    <NewRcrd>
                        <FinInstrmGnlAttrbts>
                            <Id>GB153090J066</Id>
                            <FullNm>Shyam</FullNm>
                            <ShrtNm>Shyam1</ShrtNm>
                            <ClssfctnTp>EYAYFB</ClssfctnTp>
                            <NtnlCcy>GBP</NtnlCcy>
                            <CmmdtyDerivInd>false</CmmdtyDerivInd>
                        </FinInstrmGnlAttrbts>
                        <Issr>213800QAUUUP6I445N30</Issr>
                        <TradgVnRltdAttrbts>
                            <Id>BGCI</Id>
                            <IssrReq>false</IssrReq>
                            <AdmssnApprvlDtByIssr>2016-11-10T00:00:00Z</AdmssnApprvlDtByIssr>
                            <ReqForAdmssnDt>2016-11-10T00:00:00Z</ReqForAdmssnDt>
                            <FrstTradDt>2015-11-10T09:00:00Z</FrstTradDt>

                        </TradgVnRltdAttrbts>
                        <TechAttrbts>
                            <RlvntCmptntAuthrty>AT</RlvntCmptntAuthrty>
                            <PblctnPrd>
                                <FrDt>2017-12-20</FrDt>
                            </PblctnPrd>
                        </TechAttrbts>
                    </NewRcrd>
                </FinInstrm>
                <FinInstrm>
                    <ModfdRcrd>
                        <FinInstrmGnlAttrbts>
                            <Id>GB153090J066</Id>
                            <FullNm>Karthik</FullNm>
                            <ShrtNm>Karthik1</ShrtNm>
                            <ClssfctnTp>EYAYFB</ClssfctnTp>
                            <NtnlCcy>GBP</NtnlCcy>
                            <CmmdtyDerivInd>false</CmmdtyDerivInd>
                        </FinInstrmGnlAttrbts>
                        <Issr>213800QAUUUP6I445N30</Issr>
                        <TradgVnRltdAttrbts>
                            <Id>FRAB</Id>
                            <IssrReq>false</IssrReq>
                            <AdmssnApprvlDtByIssr>2016-11-10T00:00:00Z</AdmssnApprvlDtByIssr>
                            <ReqForAdmssnDt>2016-11-10T00:00:00Z</ReqForAdmssnDt>
                            <FrstTradDt>2015-11-10T09:00:00Z</FrstTradDt>
                            <TermntnDt>9000-04-05T21:00:00Z</TermntnDt>
                        </TradgVnRltdAttrbts>
                        <TechAttrbts>
                            <RlvntCmptntAuthrty>AT</RlvntCmptntAuthrty>
                            <PblctnPrd>
                                <FrDt>2017-12-20</FrDt>
                            </PblctnPrd>
                        </TechAttrbts>
                    </ModfdRcrd>
                </FinInstrm>

                <FinInstrm>
                    <CancRcrd>
                        <FinInstrmGnlAttrbts>
                            <Id>DE000KA9VYC8</Id>
                        </FinInstrmGnlAttrbts>
                        <TradgVnRltdAttrbts>
                            <Id>XPAR</Id>
                        </TradgVnRltdAttrbts>
                    </CancRcrd>
                </FinInstrm>
            </FinInstrmRptgRefDataDltaRpt>
        </Document>
    </Pyld>
</BizData>
